Iteration,Parameters,Return
1/540,"{'resistance_period': 5, 'volume_multiplier': np.float64(1.0), 'bull_run_threshold': np.float64(0.02), 'bull_run_period': 5}",0.0055
2/540,"{'resistance_period': 5, 'volume_multiplier': np.float64(1.0), 'bull_run_threshold': np.float64(0.02), 'bull_run_period': 7}",0.0314
3/540,"{'resistance_period': 5, 'volume_multiplier': np.float64(1.0), 'bull_run_threshold': np.float64(0.02), 'bull_run_period': 9}",0.0035
4/540,"{'resistance_period': 5, 'volume_multiplier': np.float64(1.0), 'bull_run_threshold': np.float64(0.02), 'bull_run_period': 11}",0.0041
5/540,"{'resistance_period': 5, 'volume_multiplier': np.float64(1.0), 'bull_run_threshold': np.float64(0.02), 'bull_run_period': 13}",0.0157
6/540,"{'resistance_period': 5, 'volume_multiplier': np.float64(1.0), 'bull_run_threshold': np.float64(0.02), 'bull_run_period': 15}",0.0137
7/540,"{'resistance_period': 5, 'volume_multiplier': np.float64(1.0), 'bull_run_threshold': np.float64(0.03), 'bull_run_period': 5}",0.0190
8/540,"{'resistance_period': 5, 'volume_multiplier': np.float64(1.0), 'bull_run_threshold': np.float64(0.03), 'bull_run_period': 7}",0.0311
9/540,"{'resistance_period': 5, 'volume_multiplier': np.float64(1.0), 'bull_run_threshold': np.float64(0.03), 'bull_run_period': 9}",-0.0034
10/540,"{'resistance_period': 5, 'volume_multiplier': np.float64(1.0), 'bull_run_threshold': np.float64(0.03), 'bull_run_period': 11}",0.0179
11/540,"{'resistance_period': 5, 'volume_multiplier': np.float64(1.0), 'bull_run_threshold': np.float64(0.03), 'bull_run_period': 13}",0.0233
12/540,"{'resistance_period': 5, 'volume_multiplier': np.float64(1.0), 'bull_run_threshold': np.float64(0.03), 'bull_run_period': 15}",0.0131
13/540,"{'resistance_period': 5, 'volume_multiplier': np.float64(1.0), 'bull_run_threshold': np.float64(0.039999999999999994), 'bull_run_period': 5}",0.0170
14/540,"{'resistance_period': 5, 'volume_multiplier': np.float64(1.0), 'bull_run_threshold': np.float64(0.039999999999999994), 'bull_run_period': 7}",0.0226
15/540,"{'resistance_period': 5, 'volume_multiplier': np.float64(1.0), 'bull_run_threshold': np.float64(0.039999999999999994), 'bull_run_period': 9}",-0.0028
16/540,"{'resistance_period': 5, 'volume_multiplier': np.float64(1.0), 'bull_run_threshold': np.float64(0.039999999999999994), 'bull_run_period': 11}",0.0191
17/540,"{'resistance_period': 5, 'volume_multiplier': np.float64(1.0), 'bull_run_threshold': np.float64(0.039999999999999994), 'bull_run_period': 13}",0.0221
18/540,"{'resistance_period': 5, 'volume_multiplier': np.float64(1.0), 'bull_run_threshold': np.float64(0.039999999999999994), 'bull_run_period': 15}",0.0127
19/540,"{'resistance_period': 5, 'volume_multiplier': np.float64(1.1), 'bull_run_threshold': np.float64(0.02), 'bull_run_period': 5}",0.0055
20/540,"{'resistance_period': 5, 'volume_multiplier': np.float64(1.1), 'bull_run_threshold': np.float64(0.02), 'bull_run_period': 7}",0.0314
21/540,"{'resistance_period': 5, 'volume_multiplier': np.float64(1.1), 'bull_run_threshold': np.float64(0.02), 'bull_run_period': 9}",0.0035
22/540,"{'resistance_period': 5, 'volume_multiplier': np.float64(1.1), 'bull_run_threshold': np.float64(0.02), 'bull_run_period': 11}",0.0041
23/540,"{'resistance_period': 5, 'volume_multiplier': np.float64(1.1), 'bull_run_threshold': np.float64(0.02), 'bull_run_period': 13}",0.0157
24/540,"{'resistance_period': 5, 'volume_multiplier': np.float64(1.1), 'bull_run_threshold': np.float64(0.02), 'bull_run_period': 15}",0.0137
25/540,"{'resistance_period': 5, 'volume_multiplier': np.float64(1.1), 'bull_run_threshold': np.float64(0.03), 'bull_run_period': 5}",0.0190
26/540,"{'resistance_period': 5, 'volume_multiplier': np.float64(1.1), 'bull_run_threshold': np.float64(0.03), 'bull_run_period': 7}",0.0311
27/540,"{'resistance_period': 5, 'volume_multiplier': np.float64(1.1), 'bull_run_threshold': np.float64(0.03), 'bull_run_period': 9}",-0.0034
28/540,"{'resistance_period': 5, 'volume_multiplier': np.float64(1.1), 'bull_run_threshold': np.float64(0.03), 'bull_run_period': 11}",0.0179
29/540,"{'resistance_period': 5, 'volume_multiplier': np.float64(1.1), 'bull_run_threshold': np.float64(0.03), 'bull_run_period': 13}",0.0233
30/540,"{'resistance_period': 5, 'volume_multiplier': np.float64(1.1), 'bull_run_threshold': np.float64(0.03), 'bull_run_period': 15}",0.0131
31/540,"{'resistance_period': 5, 'volume_multiplier': np.float64(1.1), 'bull_run_threshold': np.float64(0.039999999999999994), 'bull_run_period': 5}",0.0170
32/540,"{'resistance_period': 5, 'volume_multiplier': np.float64(1.1), 'bull_run_threshold': np.float64(0.039999999999999994), 'bull_run_period': 7}",0.0226
33/540,"{'resistance_period': 5, 'volume_multiplier': np.float64(1.1), 'bull_run_threshold': np.float64(0.039999999999999994), 'bull_run_period': 9}",-0.0028
34/540,"{'resistance_period': 5, 'volume_multiplier': np.float64(1.1), 'bull_run_threshold': np.float64(0.039999999999999994), 'bull_run_period': 11}",0.0191
35/540,"{'resistance_period': 5, 'volume_multiplier': np.float64(1.1), 'bull_run_threshold': np.float64(0.039999999999999994), 'bull_run_period': 13}",0.0221
36/540,"{'resistance_period': 5, 'volume_multiplier': np.float64(1.1), 'bull_run_threshold': np.float64(0.039999999999999994), 'bull_run_period': 15}",0.0127
37/540,"{'resistance_period': 5, 'volume_multiplier': np.float64(1.2000000000000002), 'bull_run_threshold': np.float64(0.02), 'bull_run_period': 5}",0.0055
38/540,"{'resistance_period': 5, 'volume_multiplier': np.float64(1.2000000000000002), 'bull_run_threshold': np.float64(0.02), 'bull_run_period': 7}",0.0314
39/540,"{'resistance_period': 5, 'volume_multiplier': np.float64(1.2000000000000002), 'bull_run_threshold': np.float64(0.02), 'bull_run_period': 9}",0.0035
40/540,"{'resistance_period': 5, 'volume_multiplier': np.float64(1.2000000000000002), 'bull_run_threshold': np.float64(0.02), 'bull_run_period': 11}",0.0041
41/540,"{'resistance_period': 5, 'volume_multiplier': np.float64(1.2000000000000002), 'bull_run_threshold': np.float64(0.02), 'bull_run_period': 13}",0.0157
42/540,"{'resistance_period': 5, 'volume_multiplier': np.float64(1.2000000000000002), 'bull_run_threshold': np.float64(0.02), 'bull_run_period': 15}",0.0137
43/540,"{'resistance_period': 5, 'volume_multiplier': np.float64(1.2000000000000002), 'bull_run_threshold': np.float64(0.03), 'bull_run_period': 5}",0.0190
44/540,"{'resistance_period': 5, 'volume_multiplier': np.float64(1.2000000000000002), 'bull_run_threshold': np.float64(0.03), 'bull_run_period': 7}",0.0311
45/540,"{'resistance_period': 5, 'volume_multiplier': np.float64(1.2000000000000002), 'bull_run_threshold': np.float64(0.03), 'bull_run_period': 9}",-0.0034
46/540,"{'resistance_period': 5, 'volume_multiplier': np.float64(1.2000000000000002), 'bull_run_threshold': np.float64(0.03), 'bull_run_period': 11}",0.0179
47/540,"{'resistance_period': 5, 'volume_multiplier': np.float64(1.2000000000000002), 'bull_run_threshold': np.float64(0.03), 'bull_run_period': 13}",0.0233
48/540,"{'resistance_period': 5, 'volume_multiplier': np.float64(1.2000000000000002), 'bull_run_threshold': np.float64(0.03), 'bull_run_period': 15}",0.0131
49/540,"{'resistance_period': 5, 'volume_multiplier': np.float64(1.2000000000000002), 'bull_run_threshold': np.float64(0.039999999999999994), 'bull_run_period': 5}",0.0170
50/540,"{'resistance_period': 5, 'volume_multiplier': np.float64(1.2000000000000002), 'bull_run_threshold': np.float64(0.039999999999999994), 'bull_run_period': 7}",0.0226
51/540,"{'resistance_period': 5, 'volume_multiplier': np.float64(1.2000000000000002), 'bull_run_threshold': np.float64(0.039999999999999994), 'bull_run_period': 9}",-0.0028
52/540,"{'resistance_period': 5, 'volume_multiplier': np.float64(1.2000000000000002), 'bull_run_threshold': np.float64(0.039999999999999994), 'bull_run_period': 11}",0.0191
53/540,"{'resistance_period': 5, 'volume_multiplier': np.float64(1.2000000000000002), 'bull_run_threshold': np.float64(0.039999999999999994), 'bull_run_period': 13}",0.0221
54/540,"{'resistance_period': 5, 'volume_multiplier': np.float64(1.2000000000000002), 'bull_run_threshold': np.float64(0.039999999999999994), 'bull_run_period': 15}",0.0127
55/540,"{'resistance_period': 5, 'volume_multiplier': np.float64(1.3000000000000003), 'bull_run_threshold': np.float64(0.02), 'bull_run_period': 5}",0.0055
56/540,"{'resistance_period': 5, 'volume_multiplier': np.float64(1.3000000000000003), 'bull_run_threshold': np.float64(0.02), 'bull_run_period': 7}",0.0314
57/540,"{'resistance_period': 5, 'volume_multiplier': np.float64(1.3000000000000003), 'bull_run_threshold': np.float64(0.02), 'bull_run_period': 9}",0.0035
58/540,"{'resistance_period': 5, 'volume_multiplier': np.float64(1.3000000000000003), 'bull_run_threshold': np.float64(0.02), 'bull_run_period': 11}",0.0041
59/540,"{'resistance_period': 5, 'volume_multiplier': np.float64(1.3000000000000003), 'bull_run_threshold': np.float64(0.02), 'bull_run_period': 13}",0.0157
60/540,"{'resistance_period': 5, 'volume_multiplier': np.float64(1.3000000000000003), 'bull_run_threshold': np.float64(0.02), 'bull_run_period': 15}",0.0137
61/540,"{'resistance_period': 5, 'volume_multiplier': np.float64(1.3000000000000003), 'bull_run_threshold': np.float64(0.03), 'bull_run_period': 5}",0.0190
62/540,"{'resistance_period': 5, 'volume_multiplier': np.float64(1.3000000000000003), 'bull_run_threshold': np.float64(0.03), 'bull_run_period': 7}",0.0311
63/540,"{'resistance_period': 5, 'volume_multiplier': np.float64(1.3000000000000003), 'bull_run_threshold': np.float64(0.03), 'bull_run_period': 9}",-0.0034
64/540,"{'resistance_period': 5, 'volume_multiplier': np.float64(1.3000000000000003), 'bull_run_threshold': np.float64(0.03), 'bull_run_period': 11}",0.0179
65/540,"{'resistance_period': 5, 'volume_multiplier': np.float64(1.3000000000000003), 'bull_run_threshold': np.float64(0.03), 'bull_run_period': 13}",0.0233
66/540,"{'resistance_period': 5, 'volume_multiplier': np.float64(1.3000000000000003), 'bull_run_threshold': np.float64(0.03), 'bull_run_period': 15}",0.0131
67/540,"{'resistance_period': 5, 'volume_multiplier': np.float64(1.3000000000000003), 'bull_run_threshold': np.float64(0.039999999999999994), 'bull_run_period': 5}",0.0170
68/540,"{'resistance_period': 5, 'volume_multiplier': np.float64(1.3000000000000003), 'bull_run_threshold': np.float64(0.039999999999999994), 'bull_run_period': 7}",0.0226
69/540,"{'resistance_period': 5, 'volume_multiplier': np.float64(1.3000000000000003), 'bull_run_threshold': np.float64(0.039999999999999994), 'bull_run_period': 9}",-0.0028
70/540,"{'resistance_period': 5, 'volume_multiplier': np.float64(1.3000000000000003), 'bull_run_threshold': np.float64(0.039999999999999994), 'bull_run_period': 11}",0.0191
71/540,"{'resistance_period': 5, 'volume_multiplier': np.float64(1.3000000000000003), 'bull_run_threshold': np.float64(0.039999999999999994), 'bull_run_period': 13}",0.0221
72/540,"{'resistance_period': 5, 'volume_multiplier': np.float64(1.3000000000000003), 'bull_run_threshold': np.float64(0.039999999999999994), 'bull_run_period': 15}",0.0127
73/540,"{'resistance_period': 5, 'volume_multiplier': np.float64(1.4000000000000004), 'bull_run_threshold': np.float64(0.02), 'bull_run_period': 5}",0.0055
74/540,"{'resistance_period': 5, 'volume_multiplier': np.float64(1.4000000000000004), 'bull_run_threshold': np.float64(0.02), 'bull_run_period': 7}",0.0314
75/540,"{'resistance_period': 5, 'volume_multiplier': np.float64(1.4000000000000004), 'bull_run_threshold': np.float64(0.02), 'bull_run_period': 9}",0.0035
76/540,"{'resistance_period': 5, 'volume_multiplier': np.float64(1.4000000000000004), 'bull_run_threshold': np.float64(0.02), 'bull_run_period': 11}",0.0041
77/540,"{'resistance_period': 5, 'volume_multiplier': np.float64(1.4000000000000004), 'bull_run_threshold': np.float64(0.02), 'bull_run_period': 13}",0.0157
78/540,"{'resistance_period': 5, 'volume_multiplier': np.float64(1.4000000000000004), 'bull_run_threshold': np.float64(0.02), 'bull_run_period': 15}",0.0137
79/540,"{'resistance_period': 5, 'volume_multiplier': np.float64(1.4000000000000004), 'bull_run_threshold': np.float64(0.03), 'bull_run_period': 5}",0.0190
80/540,"{'resistance_period': 5, 'volume_multiplier': np.float64(1.4000000000000004), 'bull_run_threshold': np.float64(0.03), 'bull_run_period': 7}",0.0311
81/540,"{'resistance_period': 5, 'volume_multiplier': np.float64(1.4000000000000004), 'bull_run_threshold': np.float64(0.03), 'bull_run_period': 9}",-0.0034
82/540,"{'resistance_period': 5, 'volume_multiplier': np.float64(1.4000000000000004), 'bull_run_threshold': np.float64(0.03), 'bull_run_period': 11}",0.0179
83/540,"{'resistance_period': 5, 'volume_multiplier': np.float64(1.4000000000000004), 'bull_run_threshold': np.float64(0.03), 'bull_run_period': 13}",0.0233
84/540,"{'resistance_period': 5, 'volume_multiplier': np.float64(1.4000000000000004), 'bull_run_threshold': np.float64(0.03), 'bull_run_period': 15}",0.0131
85/540,"{'resistance_period': 5, 'volume_multiplier': np.float64(1.4000000000000004), 'bull_run_threshold': np.float64(0.039999999999999994), 'bull_run_period': 5}",0.0170
86/540,"{'resistance_period': 5, 'volume_multiplier': np.float64(1.4000000000000004), 'bull_run_threshold': np.float64(0.039999999999999994), 'bull_run_period': 7}",0.0226
87/540,"{'resistance_period': 5, 'volume_multiplier': np.float64(1.4000000000000004), 'bull_run_threshold': np.float64(0.039999999999999994), 'bull_run_period': 9}",-0.0028
88/540,"{'resistance_period': 5, 'volume_multiplier': np.float64(1.4000000000000004), 'bull_run_threshold': np.float64(0.039999999999999994), 'bull_run_period': 11}",0.0191
89/540,"{'resistance_period': 5, 'volume_multiplier': np.float64(1.4000000000000004), 'bull_run_threshold': np.float64(0.039999999999999994), 'bull_run_period': 13}",0.0221
90/540,"{'resistance_period': 5, 'volume_multiplier': np.float64(1.4000000000000004), 'bull_run_threshold': np.float64(0.039999999999999994), 'bull_run_period': 15}",0.0127
91/540,"{'resistance_period': 7, 'volume_multiplier': np.float64(1.0), 'bull_run_threshold': np.float64(0.02), 'bull_run_period': 5}",0.0055
92/540,"{'resistance_period': 7, 'volume_multiplier': np.float64(1.0), 'bull_run_threshold': np.float64(0.02), 'bull_run_period': 7}",0.0314
93/540,"{'resistance_period': 7, 'volume_multiplier': np.float64(1.0), 'bull_run_threshold': np.float64(0.02), 'bull_run_period': 9}",0.0035
94/540,"{'resistance_period': 7, 'volume_multiplier': np.float64(1.0), 'bull_run_threshold': np.float64(0.02), 'bull_run_period': 11}",0.0041
95/540,"{'resistance_period': 7, 'volume_multiplier': np.float64(1.0), 'bull_run_threshold': np.float64(0.02), 'bull_run_period': 13}",0.0157
96/540,"{'resistance_period': 7, 'volume_multiplier': np.float64(1.0), 'bull_run_threshold': np.float64(0.02), 'bull_run_period': 15}",0.0137
97/540,"{'resistance_period': 7, 'volume_multiplier': np.float64(1.0), 'bull_run_threshold': np.float64(0.03), 'bull_run_period': 5}",0.0190
98/540,"{'resistance_period': 7, 'volume_multiplier': np.float64(1.0), 'bull_run_threshold': np.float64(0.03), 'bull_run_period': 7}",0.0311
99/540,"{'resistance_period': 7, 'volume_multiplier': np.float64(1.0), 'bull_run_threshold': np.float64(0.03), 'bull_run_period': 9}",-0.0034
100/540,"{'resistance_period': 7, 'volume_multiplier': np.float64(1.0), 'bull_run_threshold': np.float64(0.03), 'bull_run_period': 11}",0.0179
101/540,"{'resistance_period': 7, 'volume_multiplier': np.float64(1.0), 'bull_run_threshold': np.float64(0.03), 'bull_run_period': 13}",0.0233
102/540,"{'resistance_period': 7, 'volume_multiplier': np.float64(1.0), 'bull_run_threshold': np.float64(0.03), 'bull_run_period': 15}",0.0131
103/540,"{'resistance_period': 7, 'volume_multiplier': np.float64(1.0), 'bull_run_threshold': np.float64(0.039999999999999994), 'bull_run_period': 5}",0.0170
104/540,"{'resistance_period': 7, 'volume_multiplier': np.float64(1.0), 'bull_run_threshold': np.float64(0.039999999999999994), 'bull_run_period': 7}",0.0226
105/540,"{'resistance_period': 7, 'volume_multiplier': np.float64(1.0), 'bull_run_threshold': np.float64(0.039999999999999994), 'bull_run_period': 9}",-0.0028
106/540,"{'resistance_period': 7, 'volume_multiplier': np.float64(1.0), 'bull_run_threshold': np.float64(0.039999999999999994), 'bull_run_period': 11}",0.0191
107/540,"{'resistance_period': 7, 'volume_multiplier': np.float64(1.0), 'bull_run_threshold': np.float64(0.039999999999999994), 'bull_run_period': 13}",0.0221
108/540,"{'resistance_period': 7, 'volume_multiplier': np.float64(1.0), 'bull_run_threshold': np.float64(0.039999999999999994), 'bull_run_period': 15}",0.0127
109/540,"{'resistance_period': 7, 'volume_multiplier': np.float64(1.1), 'bull_run_threshold': np.float64(0.02), 'bull_run_period': 5}",0.0055
110/540,"{'resistance_period': 7, 'volume_multiplier': np.float64(1.1), 'bull_run_threshold': np.float64(0.02), 'bull_run_period': 7}",0.0314
111/540,"{'resistance_period': 7, 'volume_multiplier': np.float64(1.1), 'bull_run_threshold': np.float64(0.02), 'bull_run_period': 9}",0.0035
112/540,"{'resistance_period': 7, 'volume_multiplier': np.float64(1.1), 'bull_run_threshold': np.float64(0.02), 'bull_run_period': 11}",0.0041
113/540,"{'resistance_period': 7, 'volume_multiplier': np.float64(1.1), 'bull_run_threshold': np.float64(0.02), 'bull_run_period': 13}",0.0157
114/540,"{'resistance_period': 7, 'volume_multiplier': np.float64(1.1), 'bull_run_threshold': np.float64(0.02), 'bull_run_period': 15}",0.0137
115/540,"{'resistance_period': 7, 'volume_multiplier': np.float64(1.1), 'bull_run_threshold': np.float64(0.03), 'bull_run_period': 5}",0.0190
116/540,"{'resistance_period': 7, 'volume_multiplier': np.float64(1.1), 'bull_run_threshold': np.float64(0.03), 'bull_run_period': 7}",0.0311
117/540,"{'resistance_period': 7, 'volume_multiplier': np.float64(1.1), 'bull_run_threshold': np.float64(0.03), 'bull_run_period': 9}",-0.0034
118/540,"{'resistance_period': 7, 'volume_multiplier': np.float64(1.1), 'bull_run_threshold': np.float64(0.03), 'bull_run_period': 11}",0.0179
119/540,"{'resistance_period': 7, 'volume_multiplier': np.float64(1.1), 'bull_run_threshold': np.float64(0.03), 'bull_run_period': 13}",0.0233
120/540,"{'resistance_period': 7, 'volume_multiplier': np.float64(1.1), 'bull_run_threshold': np.float64(0.03), 'bull_run_period': 15}",0.0131
121/540,"{'resistance_period': 7, 'volume_multiplier': np.float64(1.1), 'bull_run_threshold': np.float64(0.039999999999999994), 'bull_run_period': 5}",0.0170
122/540,"{'resistance_period': 7, 'volume_multiplier': np.float64(1.1), 'bull_run_threshold': np.float64(0.039999999999999994), 'bull_run_period': 7}",0.0226
123/540,"{'resistance_period': 7, 'volume_multiplier': np.float64(1.1), 'bull_run_threshold': np.float64(0.039999999999999994), 'bull_run_period': 9}",-0.0028
124/540,"{'resistance_period': 7, 'volume_multiplier': np.float64(1.1), 'bull_run_threshold': np.float64(0.039999999999999994), 'bull_run_period': 11}",0.0191
125/540,"{'resistance_period': 7, 'volume_multiplier': np.float64(1.1), 'bull_run_threshold': np.float64(0.039999999999999994), 'bull_run_period': 13}",0.0221
126/540,"{'resistance_period': 7, 'volume_multiplier': np.float64(1.1), 'bull_run_threshold': np.float64(0.039999999999999994), 'bull_run_period': 15}",0.0127
127/540,"{'resistance_period': 7, 'volume_multiplier': np.float64(1.2000000000000002), 'bull_run_threshold': np.float64(0.02), 'bull_run_period': 5}",0.0055
128/540,"{'resistance_period': 7, 'volume_multiplier': np.float64(1.2000000000000002), 'bull_run_threshold': np.float64(0.02), 'bull_run_period': 7}",0.0314
129/540,"{'resistance_period': 7, 'volume_multiplier': np.float64(1.2000000000000002), 'bull_run_threshold': np.float64(0.02), 'bull_run_period': 9}",0.0035
130/540,"{'resistance_period': 7, 'volume_multiplier': np.float64(1.2000000000000002), 'bull_run_threshold': np.float64(0.02), 'bull_run_period': 11}",0.0041
131/540,"{'resistance_period': 7, 'volume_multiplier': np.float64(1.2000000000000002), 'bull_run_threshold': np.float64(0.02), 'bull_run_period': 13}",0.0157
132/540,"{'resistance_period': 7, 'volume_multiplier': np.float64(1.2000000000000002), 'bull_run_threshold': np.float64(0.02), 'bull_run_period': 15}",0.0137
133/540,"{'resistance_period': 7, 'volume_multiplier': np.float64(1.2000000000000002), 'bull_run_threshold': np.float64(0.03), 'bull_run_period': 5}",0.0190
134/540,"{'resistance_period': 7, 'volume_multiplier': np.float64(1.2000000000000002), 'bull_run_threshold': np.float64(0.03), 'bull_run_period': 7}",0.0311
135/540,"{'resistance_period': 7, 'volume_multiplier': np.float64(1.2000000000000002), 'bull_run_threshold': np.float64(0.03), 'bull_run_period': 9}",-0.0034
136/540,"{'resistance_period': 7, 'volume_multiplier': np.float64(1.2000000000000002), 'bull_run_threshold': np.float64(0.03), 'bull_run_period': 11}",0.0179
137/540,"{'resistance_period': 7, 'volume_multiplier': np.float64(1.2000000000000002), 'bull_run_threshold': np.float64(0.03), 'bull_run_period': 13}",0.0233
138/540,"{'resistance_period': 7, 'volume_multiplier': np.float64(1.2000000000000002), 'bull_run_threshold': np.float64(0.03), 'bull_run_period': 15}",0.0131
139/540,"{'resistance_period': 7, 'volume_multiplier': np.float64(1.2000000000000002), 'bull_run_threshold': np.float64(0.039999999999999994), 'bull_run_period': 5}",0.0170
140/540,"{'resistance_period': 7, 'volume_multiplier': np.float64(1.2000000000000002), 'bull_run_threshold': np.float64(0.039999999999999994), 'bull_run_period': 7}",0.0226
141/540,"{'resistance_period': 7, 'volume_multiplier': np.float64(1.2000000000000002), 'bull_run_threshold': np.float64(0.039999999999999994), 'bull_run_period': 9}",-0.0028
142/540,"{'resistance_period': 7, 'volume_multiplier': np.float64(1.2000000000000002), 'bull_run_threshold': np.float64(0.039999999999999994), 'bull_run_period': 11}",0.0191
143/540,"{'resistance_period': 7, 'volume_multiplier': np.float64(1.2000000000000002), 'bull_run_threshold': np.float64(0.039999999999999994), 'bull_run_period': 13}",0.0221
144/540,"{'resistance_period': 7, 'volume_multiplier': np.float64(1.2000000000000002), 'bull_run_threshold': np.float64(0.039999999999999994), 'bull_run_period': 15}",0.0127
145/540,"{'resistance_period': 7, 'volume_multiplier': np.float64(1.3000000000000003), 'bull_run_threshold': np.float64(0.02), 'bull_run_period': 5}",0.0055
146/540,"{'resistance_period': 7, 'volume_multiplier': np.float64(1.3000000000000003), 'bull_run_threshold': np.float64(0.02), 'bull_run_period': 7}",0.0314
147/540,"{'resistance_period': 7, 'volume_multiplier': np.float64(1.3000000000000003), 'bull_run_threshold': np.float64(0.02), 'bull_run_period': 9}",0.0035
148/540,"{'resistance_period': 7, 'volume_multiplier': np.float64(1.3000000000000003), 'bull_run_threshold': np.float64(0.02), 'bull_run_period': 11}",0.0041
149/540,"{'resistance_period': 7, 'volume_multiplier': np.float64(1.3000000000000003), 'bull_run_threshold': np.float64(0.02), 'bull_run_period': 13}",0.0157
150/540,"{'resistance_period': 7, 'volume_multiplier': np.float64(1.3000000000000003), 'bull_run_threshold': np.float64(0.02), 'bull_run_period': 15}",0.0137
151/540,"{'resistance_period': 7, 'volume_multiplier': np.float64(1.3000000000000003), 'bull_run_threshold': np.float64(0.03), 'bull_run_period': 5}",0.0190
152/540,"{'resistance_period': 7, 'volume_multiplier': np.float64(1.3000000000000003), 'bull_run_threshold': np.float64(0.03), 'bull_run_period': 7}",0.0311
153/540,"{'resistance_period': 7, 'volume_multiplier': np.float64(1.3000000000000003), 'bull_run_threshold': np.float64(0.03), 'bull_run_period': 9}",-0.0034
154/540,"{'resistance_period': 7, 'volume_multiplier': np.float64(1.3000000000000003), 'bull_run_threshold': np.float64(0.03), 'bull_run_period': 11}",0.0179
155/540,"{'resistance_period': 7, 'volume_multiplier': np.float64(1.3000000000000003), 'bull_run_threshold': np.float64(0.03), 'bull_run_period': 13}",0.0233
156/540,"{'resistance_period': 7, 'volume_multiplier': np.float64(1.3000000000000003), 'bull_run_threshold': np.float64(0.03), 'bull_run_period': 15}",0.0131
157/540,"{'resistance_period': 7, 'volume_multiplier': np.float64(1.3000000000000003), 'bull_run_threshold': np.float64(0.039999999999999994), 'bull_run_period': 5}",0.0170
158/540,"{'resistance_period': 7, 'volume_multiplier': np.float64(1.3000000000000003), 'bull_run_threshold': np.float64(0.039999999999999994), 'bull_run_period': 7}",0.0226
159/540,"{'resistance_period': 7, 'volume_multiplier': np.float64(1.3000000000000003), 'bull_run_threshold': np.float64(0.039999999999999994), 'bull_run_period': 9}",-0.0028
160/540,"{'resistance_period': 7, 'volume_multiplier': np.float64(1.3000000000000003), 'bull_run_threshold': np.float64(0.039999999999999994), 'bull_run_period': 11}",0.0191
161/540,"{'resistance_period': 7, 'volume_multiplier': np.float64(1.3000000000000003), 'bull_run_threshold': np.float64(0.039999999999999994), 'bull_run_period': 13}",0.0221
162/540,"{'resistance_period': 7, 'volume_multiplier': np.float64(1.3000000000000003), 'bull_run_threshold': np.float64(0.039999999999999994), 'bull_run_period': 15}",0.0127
163/540,"{'resistance_period': 7, 'volume_multiplier': np.float64(1.4000000000000004), 'bull_run_threshold': np.float64(0.02), 'bull_run_period': 5}",0.0055
164/540,"{'resistance_period': 7, 'volume_multiplier': np.float64(1.4000000000000004), 'bull_run_threshold': np.float64(0.02), 'bull_run_period': 7}",0.0314
165/540,"{'resistance_period': 7, 'volume_multiplier': np.float64(1.4000000000000004), 'bull_run_threshold': np.float64(0.02), 'bull_run_period': 9}",0.0035
166/540,"{'resistance_period': 7, 'volume_multiplier': np.float64(1.4000000000000004), 'bull_run_threshold': np.float64(0.02), 'bull_run_period': 11}",0.0041
167/540,"{'resistance_period': 7, 'volume_multiplier': np.float64(1.4000000000000004), 'bull_run_threshold': np.float64(0.02), 'bull_run_period': 13}",0.0157
168/540,"{'resistance_period': 7, 'volume_multiplier': np.float64(1.4000000000000004), 'bull_run_threshold': np.float64(0.02), 'bull_run_period': 15}",0.0137
169/540,"{'resistance_period': 7, 'volume_multiplier': np.float64(1.4000000000000004), 'bull_run_threshold': np.float64(0.03), 'bull_run_period': 5}",0.0190
170/540,"{'resistance_period': 7, 'volume_multiplier': np.float64(1.4000000000000004), 'bull_run_threshold': np.float64(0.03), 'bull_run_period': 7}",0.0311
171/540,"{'resistance_period': 7, 'volume_multiplier': np.float64(1.4000000000000004), 'bull_run_threshold': np.float64(0.03), 'bull_run_period': 9}",-0.0034
172/540,"{'resistance_period': 7, 'volume_multiplier': np.float64(1.4000000000000004), 'bull_run_threshold': np.float64(0.03), 'bull_run_period': 11}",0.0179
173/540,"{'resistance_period': 7, 'volume_multiplier': np.float64(1.4000000000000004), 'bull_run_threshold': np.float64(0.03), 'bull_run_period': 13}",0.0233
174/540,"{'resistance_period': 7, 'volume_multiplier': np.float64(1.4000000000000004), 'bull_run_threshold': np.float64(0.03), 'bull_run_period': 15}",0.0131
175/540,"{'resistance_period': 7, 'volume_multiplier': np.float64(1.4000000000000004), 'bull_run_threshold': np.float64(0.039999999999999994), 'bull_run_period': 5}",0.0170
176/540,"{'resistance_period': 7, 'volume_multiplier': np.float64(1.4000000000000004), 'bull_run_threshold': np.float64(0.039999999999999994), 'bull_run_period': 7}",0.0226
177/540,"{'resistance_period': 7, 'volume_multiplier': np.float64(1.4000000000000004), 'bull_run_threshold': np.float64(0.039999999999999994), 'bull_run_period': 9}",-0.0028
178/540,"{'resistance_period': 7, 'volume_multiplier': np.float64(1.4000000000000004), 'bull_run_threshold': np.float64(0.039999999999999994), 'bull_run_period': 11}",0.0191
179/540,"{'resistance_period': 7, 'volume_multiplier': np.float64(1.4000000000000004), 'bull_run_threshold': np.float64(0.039999999999999994), 'bull_run_period': 13}",0.0221
180/540,"{'resistance_period': 7, 'volume_multiplier': np.float64(1.4000000000000004), 'bull_run_threshold': np.float64(0.039999999999999994), 'bull_run_period': 15}",0.0127
181/540,"{'resistance_period': 9, 'volume_multiplier': np.float64(1.0), 'bull_run_threshold': np.float64(0.02), 'bull_run_period': 5}",0.0055
182/540,"{'resistance_period': 9, 'volume_multiplier': np.float64(1.0), 'bull_run_threshold': np.float64(0.02), 'bull_run_period': 7}",0.0314
183/540,"{'resistance_period': 9, 'volume_multiplier': np.float64(1.0), 'bull_run_threshold': np.float64(0.02), 'bull_run_period': 9}",0.0035
184/540,"{'resistance_period': 9, 'volume_multiplier': np.float64(1.0), 'bull_run_threshold': np.float64(0.02), 'bull_run_period': 11}",0.0041
185/540,"{'resistance_period': 9, 'volume_multiplier': np.float64(1.0), 'bull_run_threshold': np.float64(0.02), 'bull_run_period': 13}",0.0157
186/540,"{'resistance_period': 9, 'volume_multiplier': np.float64(1.0), 'bull_run_threshold': np.float64(0.02), 'bull_run_period': 15}",0.0137
187/540,"{'resistance_period': 9, 'volume_multiplier': np.float64(1.0), 'bull_run_threshold': np.float64(0.03), 'bull_run_period': 5}",0.0190
188/540,"{'resistance_period': 9, 'volume_multiplier': np.float64(1.0), 'bull_run_threshold': np.float64(0.03), 'bull_run_period': 7}",0.0311
189/540,"{'resistance_period': 9, 'volume_multiplier': np.float64(1.0), 'bull_run_threshold': np.float64(0.03), 'bull_run_period': 9}",-0.0034
190/540,"{'resistance_period': 9, 'volume_multiplier': np.float64(1.0), 'bull_run_threshold': np.float64(0.03), 'bull_run_period': 11}",0.0179
191/540,"{'resistance_period': 9, 'volume_multiplier': np.float64(1.0), 'bull_run_threshold': np.float64(0.03), 'bull_run_period': 13}",0.0233
192/540,"{'resistance_period': 9, 'volume_multiplier': np.float64(1.0), 'bull_run_threshold': np.float64(0.03), 'bull_run_period': 15}",0.0131
193/540,"{'resistance_period': 9, 'volume_multiplier': np.float64(1.0), 'bull_run_threshold': np.float64(0.039999999999999994), 'bull_run_period': 5}",0.0170
194/540,"{'resistance_period': 9, 'volume_multiplier': np.float64(1.0), 'bull_run_threshold': np.float64(0.039999999999999994), 'bull_run_period': 7}",0.0226
195/540,"{'resistance_period': 9, 'volume_multiplier': np.float64(1.0), 'bull_run_threshold': np.float64(0.039999999999999994), 'bull_run_period': 9}",-0.0028
196/540,"{'resistance_period': 9, 'volume_multiplier': np.float64(1.0), 'bull_run_threshold': np.float64(0.039999999999999994), 'bull_run_period': 11}",0.0191
197/540,"{'resistance_period': 9, 'volume_multiplier': np.float64(1.0), 'bull_run_threshold': np.float64(0.039999999999999994), 'bull_run_period': 13}",0.0221
198/540,"{'resistance_period': 9, 'volume_multiplier': np.float64(1.0), 'bull_run_threshold': np.float64(0.039999999999999994), 'bull_run_period': 15}",0.0127
199/540,"{'resistance_period': 9, 'volume_multiplier': np.float64(1.1), 'bull_run_threshold': np.float64(0.02), 'bull_run_period': 5}",0.0055
200/540,"{'resistance_period': 9, 'volume_multiplier': np.float64(1.1), 'bull_run_threshold': np.float64(0.02), 'bull_run_period': 7}",0.0314
201/540,"{'resistance_period': 9, 'volume_multiplier': np.float64(1.1), 'bull_run_threshold': np.float64(0.02), 'bull_run_period': 9}",0.0035
202/540,"{'resistance_period': 9, 'volume_multiplier': np.float64(1.1), 'bull_run_threshold': np.float64(0.02), 'bull_run_period': 11}",0.0041
203/540,"{'resistance_period': 9, 'volume_multiplier': np.float64(1.1), 'bull_run_threshold': np.float64(0.02), 'bull_run_period': 13}",0.0157
204/540,"{'resistance_period': 9, 'volume_multiplier': np.float64(1.1), 'bull_run_threshold': np.float64(0.02), 'bull_run_period': 15}",0.0137
205/540,"{'resistance_period': 9, 'volume_multiplier': np.float64(1.1), 'bull_run_threshold': np.float64(0.03), 'bull_run_period': 5}",0.0190
206/540,"{'resistance_period': 9, 'volume_multiplier': np.float64(1.1), 'bull_run_threshold': np.float64(0.03), 'bull_run_period': 7}",0.0311
207/540,"{'resistance_period': 9, 'volume_multiplier': np.float64(1.1), 'bull_run_threshold': np.float64(0.03), 'bull_run_period': 9}",-0.0034
208/540,"{'resistance_period': 9, 'volume_multiplier': np.float64(1.1), 'bull_run_threshold': np.float64(0.03), 'bull_run_period': 11}",0.0179
209/540,"{'resistance_period': 9, 'volume_multiplier': np.float64(1.1), 'bull_run_threshold': np.float64(0.03), 'bull_run_period': 13}",0.0233
210/540,"{'resistance_period': 9, 'volume_multiplier': np.float64(1.1), 'bull_run_threshold': np.float64(0.03), 'bull_run_period': 15}",0.0131
211/540,"{'resistance_period': 9, 'volume_multiplier': np.float64(1.1), 'bull_run_threshold': np.float64(0.039999999999999994), 'bull_run_period': 5}",0.0170
212/540,"{'resistance_period': 9, 'volume_multiplier': np.float64(1.1), 'bull_run_threshold': np.float64(0.039999999999999994), 'bull_run_period': 7}",0.0226
213/540,"{'resistance_period': 9, 'volume_multiplier': np.float64(1.1), 'bull_run_threshold': np.float64(0.039999999999999994), 'bull_run_period': 9}",-0.0028
214/540,"{'resistance_period': 9, 'volume_multiplier': np.float64(1.1), 'bull_run_threshold': np.float64(0.039999999999999994), 'bull_run_period': 11}",0.0191
215/540,"{'resistance_period': 9, 'volume_multiplier': np.float64(1.1), 'bull_run_threshold': np.float64(0.039999999999999994), 'bull_run_period': 13}",0.0221
216/540,"{'resistance_period': 9, 'volume_multiplier': np.float64(1.1), 'bull_run_threshold': np.float64(0.039999999999999994), 'bull_run_period': 15}",0.0127
217/540,"{'resistance_period': 9, 'volume_multiplier': np.float64(1.2000000000000002), 'bull_run_threshold': np.float64(0.02), 'bull_run_period': 5}",0.0055
218/540,"{'resistance_period': 9, 'volume_multiplier': np.float64(1.2000000000000002), 'bull_run_threshold': np.float64(0.02), 'bull_run_period': 7}",0.0314
219/540,"{'resistance_period': 9, 'volume_multiplier': np.float64(1.2000000000000002), 'bull_run_threshold': np.float64(0.02), 'bull_run_period': 9}",0.0035
220/540,"{'resistance_period': 9, 'volume_multiplier': np.float64(1.2000000000000002), 'bull_run_threshold': np.float64(0.02), 'bull_run_period': 11}",0.0041
221/540,"{'resistance_period': 9, 'volume_multiplier': np.float64(1.2000000000000002), 'bull_run_threshold': np.float64(0.02), 'bull_run_period': 13}",0.0157
222/540,"{'resistance_period': 9, 'volume_multiplier': np.float64(1.2000000000000002), 'bull_run_threshold': np.float64(0.02), 'bull_run_period': 15}",0.0137
223/540,"{'resistance_period': 9, 'volume_multiplier': np.float64(1.2000000000000002), 'bull_run_threshold': np.float64(0.03), 'bull_run_period': 5}",0.0190
224/540,"{'resistance_period': 9, 'volume_multiplier': np.float64(1.2000000000000002), 'bull_run_threshold': np.float64(0.03), 'bull_run_period': 7}",0.0311
225/540,"{'resistance_period': 9, 'volume_multiplier': np.float64(1.2000000000000002), 'bull_run_threshold': np.float64(0.03), 'bull_run_period': 9}",-0.0034
226/540,"{'resistance_period': 9, 'volume_multiplier': np.float64(1.2000000000000002), 'bull_run_threshold': np.float64(0.03), 'bull_run_period': 11}",0.0179
227/540,"{'resistance_period': 9, 'volume_multiplier': np.float64(1.2000000000000002), 'bull_run_threshold': np.float64(0.03), 'bull_run_period': 13}",0.0233
228/540,"{'resistance_period': 9, 'volume_multiplier': np.float64(1.2000000000000002), 'bull_run_threshold': np.float64(0.03), 'bull_run_period': 15}",0.0131
229/540,"{'resistance_period': 9, 'volume_multiplier': np.float64(1.2000000000000002), 'bull_run_threshold': np.float64(0.039999999999999994), 'bull_run_period': 5}",0.0170
230/540,"{'resistance_period': 9, 'volume_multiplier': np.float64(1.2000000000000002), 'bull_run_threshold': np.float64(0.039999999999999994), 'bull_run_period': 7}",0.0226
231/540,"{'resistance_period': 9, 'volume_multiplier': np.float64(1.2000000000000002), 'bull_run_threshold': np.float64(0.039999999999999994), 'bull_run_period': 9}",-0.0028
232/540,"{'resistance_period': 9, 'volume_multiplier': np.float64(1.2000000000000002), 'bull_run_threshold': np.float64(0.039999999999999994), 'bull_run_period': 11}",0.0191
233/540,"{'resistance_period': 9, 'volume_multiplier': np.float64(1.2000000000000002), 'bull_run_threshold': np.float64(0.039999999999999994), 'bull_run_period': 13}",0.0221
234/540,"{'resistance_period': 9, 'volume_multiplier': np.float64(1.2000000000000002), 'bull_run_threshold': np.float64(0.039999999999999994), 'bull_run_period': 15}",0.0127
235/540,"{'resistance_period': 9, 'volume_multiplier': np.float64(1.3000000000000003), 'bull_run_threshold': np.float64(0.02), 'bull_run_period': 5}",0.0055
236/540,"{'resistance_period': 9, 'volume_multiplier': np.float64(1.3000000000000003), 'bull_run_threshold': np.float64(0.02), 'bull_run_period': 7}",0.0314
237/540,"{'resistance_period': 9, 'volume_multiplier': np.float64(1.3000000000000003), 'bull_run_threshold': np.float64(0.02), 'bull_run_period': 9}",0.0035
238/540,"{'resistance_period': 9, 'volume_multiplier': np.float64(1.3000000000000003), 'bull_run_threshold': np.float64(0.02), 'bull_run_period': 11}",0.0041
239/540,"{'resistance_period': 9, 'volume_multiplier': np.float64(1.3000000000000003), 'bull_run_threshold': np.float64(0.02), 'bull_run_period': 13}",0.0157
240/540,"{'resistance_period': 9, 'volume_multiplier': np.float64(1.3000000000000003), 'bull_run_threshold': np.float64(0.02), 'bull_run_period': 15}",0.0137
241/540,"{'resistance_period': 9, 'volume_multiplier': np.float64(1.3000000000000003), 'bull_run_threshold': np.float64(0.03), 'bull_run_period': 5}",0.0190
242/540,"{'resistance_period': 9, 'volume_multiplier': np.float64(1.3000000000000003), 'bull_run_threshold': np.float64(0.03), 'bull_run_period': 7}",0.0311
243/540,"{'resistance_period': 9, 'volume_multiplier': np.float64(1.3000000000000003), 'bull_run_threshold': np.float64(0.03), 'bull_run_period': 9}",-0.0034
244/540,"{'resistance_period': 9, 'volume_multiplier': np.float64(1.3000000000000003), 'bull_run_threshold': np.float64(0.03), 'bull_run_period': 11}",0.0179
245/540,"{'resistance_period': 9, 'volume_multiplier': np.float64(1.3000000000000003), 'bull_run_threshold': np.float64(0.03), 'bull_run_period': 13}",0.0233
246/540,"{'resistance_period': 9, 'volume_multiplier': np.float64(1.3000000000000003), 'bull_run_threshold': np.float64(0.03), 'bull_run_period': 15}",0.0131
247/540,"{'resistance_period': 9, 'volume_multiplier': np.float64(1.3000000000000003), 'bull_run_threshold': np.float64(0.039999999999999994), 'bull_run_period': 5}",0.0170
248/540,"{'resistance_period': 9, 'volume_multiplier': np.float64(1.3000000000000003), 'bull_run_threshold': np.float64(0.039999999999999994), 'bull_run_period': 7}",0.0226
249/540,"{'resistance_period': 9, 'volume_multiplier': np.float64(1.3000000000000003), 'bull_run_threshold': np.float64(0.039999999999999994), 'bull_run_period': 9}",-0.0028
250/540,"{'resistance_period': 9, 'volume_multiplier': np.float64(1.3000000000000003), 'bull_run_threshold': np.float64(0.039999999999999994), 'bull_run_period': 11}",0.0191
251/540,"{'resistance_period': 9, 'volume_multiplier': np.float64(1.3000000000000003), 'bull_run_threshold': np.float64(0.039999999999999994), 'bull_run_period': 13}",0.0221
252/540,"{'resistance_period': 9, 'volume_multiplier': np.float64(1.3000000000000003), 'bull_run_threshold': np.float64(0.039999999999999994), 'bull_run_period': 15}",0.0127
253/540,"{'resistance_period': 9, 'volume_multiplier': np.float64(1.4000000000000004), 'bull_run_threshold': np.float64(0.02), 'bull_run_period': 5}",0.0055
254/540,"{'resistance_period': 9, 'volume_multiplier': np.float64(1.4000000000000004), 'bull_run_threshold': np.float64(0.02), 'bull_run_period': 7}",0.0314
255/540,"{'resistance_period': 9, 'volume_multiplier': np.float64(1.4000000000000004), 'bull_run_threshold': np.float64(0.02), 'bull_run_period': 9}",0.0035
256/540,"{'resistance_period': 9, 'volume_multiplier': np.float64(1.4000000000000004), 'bull_run_threshold': np.float64(0.02), 'bull_run_period': 11}",0.0041
257/540,"{'resistance_period': 9, 'volume_multiplier': np.float64(1.4000000000000004), 'bull_run_threshold': np.float64(0.02), 'bull_run_period': 13}",0.0157
258/540,"{'resistance_period': 9, 'volume_multiplier': np.float64(1.4000000000000004), 'bull_run_threshold': np.float64(0.02), 'bull_run_period': 15}",0.0137
259/540,"{'resistance_period': 9, 'volume_multiplier': np.float64(1.4000000000000004), 'bull_run_threshold': np.float64(0.03), 'bull_run_period': 5}",0.0190
260/540,"{'resistance_period': 9, 'volume_multiplier': np.float64(1.4000000000000004), 'bull_run_threshold': np.float64(0.03), 'bull_run_period': 7}",0.0311
261/540,"{'resistance_period': 9, 'volume_multiplier': np.float64(1.4000000000000004), 'bull_run_threshold': np.float64(0.03), 'bull_run_period': 9}",-0.0034
262/540,"{'resistance_period': 9, 'volume_multiplier': np.float64(1.4000000000000004), 'bull_run_threshold': np.float64(0.03), 'bull_run_period': 11}",0.0179
263/540,"{'resistance_period': 9, 'volume_multiplier': np.float64(1.4000000000000004), 'bull_run_threshold': np.float64(0.03), 'bull_run_period': 13}",0.0233
264/540,"{'resistance_period': 9, 'volume_multiplier': np.float64(1.4000000000000004), 'bull_run_threshold': np.float64(0.03), 'bull_run_period': 15}",0.0131
265/540,"{'resistance_period': 9, 'volume_multiplier': np.float64(1.4000000000000004), 'bull_run_threshold': np.float64(0.039999999999999994), 'bull_run_period': 5}",0.0170
266/540,"{'resistance_period': 9, 'volume_multiplier': np.float64(1.4000000000000004), 'bull_run_threshold': np.float64(0.039999999999999994), 'bull_run_period': 7}",0.0226
267/540,"{'resistance_period': 9, 'volume_multiplier': np.float64(1.4000000000000004), 'bull_run_threshold': np.float64(0.039999999999999994), 'bull_run_period': 9}",-0.0028
268/540,"{'resistance_period': 9, 'volume_multiplier': np.float64(1.4000000000000004), 'bull_run_threshold': np.float64(0.039999999999999994), 'bull_run_period': 11}",0.0191
269/540,"{'resistance_period': 9, 'volume_multiplier': np.float64(1.4000000000000004), 'bull_run_threshold': np.float64(0.039999999999999994), 'bull_run_period': 13}",0.0221
270/540,"{'resistance_period': 9, 'volume_multiplier': np.float64(1.4000000000000004), 'bull_run_threshold': np.float64(0.039999999999999994), 'bull_run_period': 15}",0.0127
271/540,"{'resistance_period': 11, 'volume_multiplier': np.float64(1.0), 'bull_run_threshold': np.float64(0.02), 'bull_run_period': 5}",0.0052
272/540,"{'resistance_period': 11, 'volume_multiplier': np.float64(1.0), 'bull_run_threshold': np.float64(0.02), 'bull_run_period': 7}",0.0310
273/540,"{'resistance_period': 11, 'volume_multiplier': np.float64(1.0), 'bull_run_threshold': np.float64(0.02), 'bull_run_period': 9}",0.0031
274/540,"{'resistance_period': 11, 'volume_multiplier': np.float64(1.0), 'bull_run_threshold': np.float64(0.02), 'bull_run_period': 11}",0.0037
275/540,"{'resistance_period': 11, 'volume_multiplier': np.float64(1.0), 'bull_run_threshold': np.float64(0.02), 'bull_run_period': 13}",0.0153
276/540,"{'resistance_period': 11, 'volume_multiplier': np.float64(1.0), 'bull_run_threshold': np.float64(0.02), 'bull_run_period': 15}",0.0133
277/540,"{'resistance_period': 11, 'volume_multiplier': np.float64(1.0), 'bull_run_threshold': np.float64(0.03), 'bull_run_period': 5}",0.0189
278/540,"{'resistance_period': 11, 'volume_multiplier': np.float64(1.0), 'bull_run_threshold': np.float64(0.03), 'bull_run_period': 7}",0.0320
279/540,"{'resistance_period': 11, 'volume_multiplier': np.float64(1.0), 'bull_run_threshold': np.float64(0.03), 'bull_run_period': 9}",-0.0034
280/540,"{'resistance_period': 11, 'volume_multiplier': np.float64(1.0), 'bull_run_threshold': np.float64(0.03), 'bull_run_period': 11}",0.0183
281/540,"{'resistance_period': 11, 'volume_multiplier': np.float64(1.0), 'bull_run_threshold': np.float64(0.03), 'bull_run_period': 13}",0.0243
282/540,"{'resistance_period': 11, 'volume_multiplier': np.float64(1.0), 'bull_run_threshold': np.float64(0.03), 'bull_run_period': 15}",0.0135
283/540,"{'resistance_period': 11, 'volume_multiplier': np.float64(1.0), 'bull_run_threshold': np.float64(0.039999999999999994), 'bull_run_period': 5}",0.0169
284/540,"{'resistance_period': 11, 'volume_multiplier': np.float64(1.0), 'bull_run_threshold': np.float64(0.039999999999999994), 'bull_run_period': 7}",0.0234
285/540,"{'resistance_period': 11, 'volume_multiplier': np.float64(1.0), 'bull_run_threshold': np.float64(0.039999999999999994), 'bull_run_period': 9}",-0.0027
286/540,"{'resistance_period': 11, 'volume_multiplier': np.float64(1.0), 'bull_run_threshold': np.float64(0.039999999999999994), 'bull_run_period': 11}",0.0195
287/540,"{'resistance_period': 11, 'volume_multiplier': np.float64(1.0), 'bull_run_threshold': np.float64(0.039999999999999994), 'bull_run_period': 13}",0.0232
288/540,"{'resistance_period': 11, 'volume_multiplier': np.float64(1.0), 'bull_run_threshold': np.float64(0.039999999999999994), 'bull_run_period': 15}",0.0130
289/540,"{'resistance_period': 11, 'volume_multiplier': np.float64(1.1), 'bull_run_threshold': np.float64(0.02), 'bull_run_period': 5}",0.0052
290/540,"{'resistance_period': 11, 'volume_multiplier': np.float64(1.1), 'bull_run_threshold': np.float64(0.02), 'bull_run_period': 7}",0.0310
291/540,"{'resistance_period': 11, 'volume_multiplier': np.float64(1.1), 'bull_run_threshold': np.float64(0.02), 'bull_run_period': 9}",0.0031
292/540,"{'resistance_period': 11, 'volume_multiplier': np.float64(1.1), 'bull_run_threshold': np.float64(0.02), 'bull_run_period': 11}",0.0037
293/540,"{'resistance_period': 11, 'volume_multiplier': np.float64(1.1), 'bull_run_threshold': np.float64(0.02), 'bull_run_period': 13}",0.0153
294/540,"{'resistance_period': 11, 'volume_multiplier': np.float64(1.1), 'bull_run_threshold': np.float64(0.02), 'bull_run_period': 15}",0.0133
295/540,"{'resistance_period': 11, 'volume_multiplier': np.float64(1.1), 'bull_run_threshold': np.float64(0.03), 'bull_run_period': 5}",0.0189
296/540,"{'resistance_period': 11, 'volume_multiplier': np.float64(1.1), 'bull_run_threshold': np.float64(0.03), 'bull_run_period': 7}",0.0320
297/540,"{'resistance_period': 11, 'volume_multiplier': np.float64(1.1), 'bull_run_threshold': np.float64(0.03), 'bull_run_period': 9}",-0.0034
298/540,"{'resistance_period': 11, 'volume_multiplier': np.float64(1.1), 'bull_run_threshold': np.float64(0.03), 'bull_run_period': 11}",0.0183
299/540,"{'resistance_period': 11, 'volume_multiplier': np.float64(1.1), 'bull_run_threshold': np.float64(0.03), 'bull_run_period': 13}",0.0243
300/540,"{'resistance_period': 11, 'volume_multiplier': np.float64(1.1), 'bull_run_threshold': np.float64(0.03), 'bull_run_period': 15}",0.0135
301/540,"{'resistance_period': 11, 'volume_multiplier': np.float64(1.1), 'bull_run_threshold': np.float64(0.039999999999999994), 'bull_run_period': 5}",0.0169
302/540,"{'resistance_period': 11, 'volume_multiplier': np.float64(1.1), 'bull_run_threshold': np.float64(0.039999999999999994), 'bull_run_period': 7}",0.0234
303/540,"{'resistance_period': 11, 'volume_multiplier': np.float64(1.1), 'bull_run_threshold': np.float64(0.039999999999999994), 'bull_run_period': 9}",-0.0027
304/540,"{'resistance_period': 11, 'volume_multiplier': np.float64(1.1), 'bull_run_threshold': np.float64(0.039999999999999994), 'bull_run_period': 11}",0.0195
305/540,"{'resistance_period': 11, 'volume_multiplier': np.float64(1.1), 'bull_run_threshold': np.float64(0.039999999999999994), 'bull_run_period': 13}",0.0232
306/540,"{'resistance_period': 11, 'volume_multiplier': np.float64(1.1), 'bull_run_threshold': np.float64(0.039999999999999994), 'bull_run_period': 15}",0.0130
307/540,"{'resistance_period': 11, 'volume_multiplier': np.float64(1.2000000000000002), 'bull_run_threshold': np.float64(0.02), 'bull_run_period': 5}",0.0052
308/540,"{'resistance_period': 11, 'volume_multiplier': np.float64(1.2000000000000002), 'bull_run_threshold': np.float64(0.02), 'bull_run_period': 7}",0.0310
309/540,"{'resistance_period': 11, 'volume_multiplier': np.float64(1.2000000000000002), 'bull_run_threshold': np.float64(0.02), 'bull_run_period': 9}",0.0031
310/540,"{'resistance_period': 11, 'volume_multiplier': np.float64(1.2000000000000002), 'bull_run_threshold': np.float64(0.02), 'bull_run_period': 11}",0.0037
311/540,"{'resistance_period': 11, 'volume_multiplier': np.float64(1.2000000000000002), 'bull_run_threshold': np.float64(0.02), 'bull_run_period': 13}",0.0153
312/540,"{'resistance_period': 11, 'volume_multiplier': np.float64(1.2000000000000002), 'bull_run_threshold': np.float64(0.02), 'bull_run_period': 15}",0.0133
313/540,"{'resistance_period': 11, 'volume_multiplier': np.float64(1.2000000000000002), 'bull_run_threshold': np.float64(0.03), 'bull_run_period': 5}",0.0189
314/540,"{'resistance_period': 11, 'volume_multiplier': np.float64(1.2000000000000002), 'bull_run_threshold': np.float64(0.03), 'bull_run_period': 7}",0.0320
315/540,"{'resistance_period': 11, 'volume_multiplier': np.float64(1.2000000000000002), 'bull_run_threshold': np.float64(0.03), 'bull_run_period': 9}",-0.0034
316/540,"{'resistance_period': 11, 'volume_multiplier': np.float64(1.2000000000000002), 'bull_run_threshold': np.float64(0.03), 'bull_run_period': 11}",0.0183
317/540,"{'resistance_period': 11, 'volume_multiplier': np.float64(1.2000000000000002), 'bull_run_threshold': np.float64(0.03), 'bull_run_period': 13}",0.0243
318/540,"{'resistance_period': 11, 'volume_multiplier': np.float64(1.2000000000000002), 'bull_run_threshold': np.float64(0.03), 'bull_run_period': 15}",0.0135
319/540,"{'resistance_period': 11, 'volume_multiplier': np.float64(1.2000000000000002), 'bull_run_threshold': np.float64(0.039999999999999994), 'bull_run_period': 5}",0.0169
320/540,"{'resistance_period': 11, 'volume_multiplier': np.float64(1.2000000000000002), 'bull_run_threshold': np.float64(0.039999999999999994), 'bull_run_period': 7}",0.0234
321/540,"{'resistance_period': 11, 'volume_multiplier': np.float64(1.2000000000000002), 'bull_run_threshold': np.float64(0.039999999999999994), 'bull_run_period': 9}",-0.0027
322/540,"{'resistance_period': 11, 'volume_multiplier': np.float64(1.2000000000000002), 'bull_run_threshold': np.float64(0.039999999999999994), 'bull_run_period': 11}",0.0195
323/540,"{'resistance_period': 11, 'volume_multiplier': np.float64(1.2000000000000002), 'bull_run_threshold': np.float64(0.039999999999999994), 'bull_run_period': 13}",0.0232
324/540,"{'resistance_period': 11, 'volume_multiplier': np.float64(1.2000000000000002), 'bull_run_threshold': np.float64(0.039999999999999994), 'bull_run_period': 15}",0.0130
325/540,"{'resistance_period': 11, 'volume_multiplier': np.float64(1.3000000000000003), 'bull_run_threshold': np.float64(0.02), 'bull_run_period': 5}",0.0052
326/540,"{'resistance_period': 11, 'volume_multiplier': np.float64(1.3000000000000003), 'bull_run_threshold': np.float64(0.02), 'bull_run_period': 7}",0.0310
327/540,"{'resistance_period': 11, 'volume_multiplier': np.float64(1.3000000000000003), 'bull_run_threshold': np.float64(0.02), 'bull_run_period': 9}",0.0031
328/540,"{'resistance_period': 11, 'volume_multiplier': np.float64(1.3000000000000003), 'bull_run_threshold': np.float64(0.02), 'bull_run_period': 11}",0.0037
329/540,"{'resistance_period': 11, 'volume_multiplier': np.float64(1.3000000000000003), 'bull_run_threshold': np.float64(0.02), 'bull_run_period': 13}",0.0153
330/540,"{'resistance_period': 11, 'volume_multiplier': np.float64(1.3000000000000003), 'bull_run_threshold': np.float64(0.02), 'bull_run_period': 15}",0.0133
331/540,"{'resistance_period': 11, 'volume_multiplier': np.float64(1.3000000000000003), 'bull_run_threshold': np.float64(0.03), 'bull_run_period': 5}",0.0189
332/540,"{'resistance_period': 11, 'volume_multiplier': np.float64(1.3000000000000003), 'bull_run_threshold': np.float64(0.03), 'bull_run_period': 7}",0.0320
333/540,"{'resistance_period': 11, 'volume_multiplier': np.float64(1.3000000000000003), 'bull_run_threshold': np.float64(0.03), 'bull_run_period': 9}",-0.0034
334/540,"{'resistance_period': 11, 'volume_multiplier': np.float64(1.3000000000000003), 'bull_run_threshold': np.float64(0.03), 'bull_run_period': 11}",0.0183
335/540,"{'resistance_period': 11, 'volume_multiplier': np.float64(1.3000000000000003), 'bull_run_threshold': np.float64(0.03), 'bull_run_period': 13}",0.0243
336/540,"{'resistance_period': 11, 'volume_multiplier': np.float64(1.3000000000000003), 'bull_run_threshold': np.float64(0.03), 'bull_run_period': 15}",0.0135
337/540,"{'resistance_period': 11, 'volume_multiplier': np.float64(1.3000000000000003), 'bull_run_threshold': np.float64(0.039999999999999994), 'bull_run_period': 5}",0.0169
338/540,"{'resistance_period': 11, 'volume_multiplier': np.float64(1.3000000000000003), 'bull_run_threshold': np.float64(0.039999999999999994), 'bull_run_period': 7}",0.0234
339/540,"{'resistance_period': 11, 'volume_multiplier': np.float64(1.3000000000000003), 'bull_run_threshold': np.float64(0.039999999999999994), 'bull_run_period': 9}",-0.0027
340/540,"{'resistance_period': 11, 'volume_multiplier': np.float64(1.3000000000000003), 'bull_run_threshold': np.float64(0.039999999999999994), 'bull_run_period': 11}",0.0195
341/540,"{'resistance_period': 11, 'volume_multiplier': np.float64(1.3000000000000003), 'bull_run_threshold': np.float64(0.039999999999999994), 'bull_run_period': 13}",0.0232
342/540,"{'resistance_period': 11, 'volume_multiplier': np.float64(1.3000000000000003), 'bull_run_threshold': np.float64(0.039999999999999994), 'bull_run_period': 15}",0.0130
343/540,"{'resistance_period': 11, 'volume_multiplier': np.float64(1.4000000000000004), 'bull_run_threshold': np.float64(0.02), 'bull_run_period': 5}",0.0052
344/540,"{'resistance_period': 11, 'volume_multiplier': np.float64(1.4000000000000004), 'bull_run_threshold': np.float64(0.02), 'bull_run_period': 7}",0.0310
345/540,"{'resistance_period': 11, 'volume_multiplier': np.float64(1.4000000000000004), 'bull_run_threshold': np.float64(0.02), 'bull_run_period': 9}",0.0031
346/540,"{'resistance_period': 11, 'volume_multiplier': np.float64(1.4000000000000004), 'bull_run_threshold': np.float64(0.02), 'bull_run_period': 11}",0.0037
347/540,"{'resistance_period': 11, 'volume_multiplier': np.float64(1.4000000000000004), 'bull_run_threshold': np.float64(0.02), 'bull_run_period': 13}",0.0153
348/540,"{'resistance_period': 11, 'volume_multiplier': np.float64(1.4000000000000004), 'bull_run_threshold': np.float64(0.02), 'bull_run_period': 15}",0.0133
349/540,"{'resistance_period': 11, 'volume_multiplier': np.float64(1.4000000000000004), 'bull_run_threshold': np.float64(0.03), 'bull_run_period': 5}",0.0189
350/540,"{'resistance_period': 11, 'volume_multiplier': np.float64(1.4000000000000004), 'bull_run_threshold': np.float64(0.03), 'bull_run_period': 7}",0.0320
351/540,"{'resistance_period': 11, 'volume_multiplier': np.float64(1.4000000000000004), 'bull_run_threshold': np.float64(0.03), 'bull_run_period': 9}",-0.0034
352/540,"{'resistance_period': 11, 'volume_multiplier': np.float64(1.4000000000000004), 'bull_run_threshold': np.float64(0.03), 'bull_run_period': 11}",0.0183
353/540,"{'resistance_period': 11, 'volume_multiplier': np.float64(1.4000000000000004), 'bull_run_threshold': np.float64(0.03), 'bull_run_period': 13}",0.0243
354/540,"{'resistance_period': 11, 'volume_multiplier': np.float64(1.4000000000000004), 'bull_run_threshold': np.float64(0.03), 'bull_run_period': 15}",0.0135
355/540,"{'resistance_period': 11, 'volume_multiplier': np.float64(1.4000000000000004), 'bull_run_threshold': np.float64(0.039999999999999994), 'bull_run_period': 5}",0.0169
356/540,"{'resistance_period': 11, 'volume_multiplier': np.float64(1.4000000000000004), 'bull_run_threshold': np.float64(0.039999999999999994), 'bull_run_period': 7}",0.0234
357/540,"{'resistance_period': 11, 'volume_multiplier': np.float64(1.4000000000000004), 'bull_run_threshold': np.float64(0.039999999999999994), 'bull_run_period': 9}",-0.0027
358/540,"{'resistance_period': 11, 'volume_multiplier': np.float64(1.4000000000000004), 'bull_run_threshold': np.float64(0.039999999999999994), 'bull_run_period': 11}",0.0195
359/540,"{'resistance_period': 11, 'volume_multiplier': np.float64(1.4000000000000004), 'bull_run_threshold': np.float64(0.039999999999999994), 'bull_run_period': 13}",0.0232
360/540,"{'resistance_period': 11, 'volume_multiplier': np.float64(1.4000000000000004), 'bull_run_threshold': np.float64(0.039999999999999994), 'bull_run_period': 15}",0.0130
361/540,"{'resistance_period': 13, 'volume_multiplier': np.float64(1.0), 'bull_run_threshold': np.float64(0.02), 'bull_run_period': 5}",0.0060
362/540,"{'resistance_period': 13, 'volume_multiplier': np.float64(1.0), 'bull_run_threshold': np.float64(0.02), 'bull_run_period': 7}",0.0277
363/540,"{'resistance_period': 13, 'volume_multiplier': np.float64(1.0), 'bull_run_threshold': np.float64(0.02), 'bull_run_period': 9}",0.0179
364/540,"{'resistance_period': 13, 'volume_multiplier': np.float64(1.0), 'bull_run_threshold': np.float64(0.02), 'bull_run_period': 11}",0.0154
365/540,"{'resistance_period': 13, 'volume_multiplier': np.float64(1.0), 'bull_run_threshold': np.float64(0.02), 'bull_run_period': 13}",0.0156
366/540,"{'resistance_period': 13, 'volume_multiplier': np.float64(1.0), 'bull_run_threshold': np.float64(0.02), 'bull_run_period': 15}",0.0160
367/540,"{'resistance_period': 13, 'volume_multiplier': np.float64(1.0), 'bull_run_threshold': np.float64(0.03), 'bull_run_period': 5}",0.0197
368/540,"{'resistance_period': 13, 'volume_multiplier': np.float64(1.0), 'bull_run_threshold': np.float64(0.03), 'bull_run_period': 7}",0.0287
369/540,"{'resistance_period': 13, 'volume_multiplier': np.float64(1.0), 'bull_run_threshold': np.float64(0.03), 'bull_run_period': 9}",0.0167
370/540,"{'resistance_period': 13, 'volume_multiplier': np.float64(1.0), 'bull_run_threshold': np.float64(0.03), 'bull_run_period': 11}",0.0128
371/540,"{'resistance_period': 13, 'volume_multiplier': np.float64(1.0), 'bull_run_threshold': np.float64(0.03), 'bull_run_period': 13}",0.0246
372/540,"{'resistance_period': 13, 'volume_multiplier': np.float64(1.0), 'bull_run_threshold': np.float64(0.03), 'bull_run_period': 15}",0.0162
373/540,"{'resistance_period': 13, 'volume_multiplier': np.float64(1.0), 'bull_run_threshold': np.float64(0.039999999999999994), 'bull_run_period': 5}",0.0179
374/540,"{'resistance_period': 13, 'volume_multiplier': np.float64(1.0), 'bull_run_threshold': np.float64(0.039999999999999994), 'bull_run_period': 7}",0.0203
375/540,"{'resistance_period': 13, 'volume_multiplier': np.float64(1.0), 'bull_run_threshold': np.float64(0.039999999999999994), 'bull_run_period': 9}",0.0176
376/540,"{'resistance_period': 13, 'volume_multiplier': np.float64(1.0), 'bull_run_threshold': np.float64(0.039999999999999994), 'bull_run_period': 11}",0.0142
377/540,"{'resistance_period': 13, 'volume_multiplier': np.float64(1.0), 'bull_run_threshold': np.float64(0.039999999999999994), 'bull_run_period': 13}",0.0235
378/540,"{'resistance_period': 13, 'volume_multiplier': np.float64(1.0), 'bull_run_threshold': np.float64(0.039999999999999994), 'bull_run_period': 15}",0.0157
379/540,"{'resistance_period': 13, 'volume_multiplier': np.float64(1.1), 'bull_run_threshold': np.float64(0.02), 'bull_run_period': 5}",0.0060
380/540,"{'resistance_period': 13, 'volume_multiplier': np.float64(1.1), 'bull_run_threshold': np.float64(0.02), 'bull_run_period': 7}",0.0277
381/540,"{'resistance_period': 13, 'volume_multiplier': np.float64(1.1), 'bull_run_threshold': np.float64(0.02), 'bull_run_period': 9}",0.0179
382/540,"{'resistance_period': 13, 'volume_multiplier': np.float64(1.1), 'bull_run_threshold': np.float64(0.02), 'bull_run_period': 11}",0.0154
383/540,"{'resistance_period': 13, 'volume_multiplier': np.float64(1.1), 'bull_run_threshold': np.float64(0.02), 'bull_run_period': 13}",0.0156
384/540,"{'resistance_period': 13, 'volume_multiplier': np.float64(1.1), 'bull_run_threshold': np.float64(0.02), 'bull_run_period': 15}",0.0160
385/540,"{'resistance_period': 13, 'volume_multiplier': np.float64(1.1), 'bull_run_threshold': np.float64(0.03), 'bull_run_period': 5}",0.0197
386/540,"{'resistance_period': 13, 'volume_multiplier': np.float64(1.1), 'bull_run_threshold': np.float64(0.03), 'bull_run_period': 7}",0.0287
387/540,"{'resistance_period': 13, 'volume_multiplier': np.float64(1.1), 'bull_run_threshold': np.float64(0.03), 'bull_run_period': 9}",0.0167
388/540,"{'resistance_period': 13, 'volume_multiplier': np.float64(1.1), 'bull_run_threshold': np.float64(0.03), 'bull_run_period': 11}",0.0128
389/540,"{'resistance_period': 13, 'volume_multiplier': np.float64(1.1), 'bull_run_threshold': np.float64(0.03), 'bull_run_period': 13}",0.0246
390/540,"{'resistance_period': 13, 'volume_multiplier': np.float64(1.1), 'bull_run_threshold': np.float64(0.03), 'bull_run_period': 15}",0.0162
391/540,"{'resistance_period': 13, 'volume_multiplier': np.float64(1.1), 'bull_run_threshold': np.float64(0.039999999999999994), 'bull_run_period': 5}",0.0179
392/540,"{'resistance_period': 13, 'volume_multiplier': np.float64(1.1), 'bull_run_threshold': np.float64(0.039999999999999994), 'bull_run_period': 7}",0.0203
393/540,"{'resistance_period': 13, 'volume_multiplier': np.float64(1.1), 'bull_run_threshold': np.float64(0.039999999999999994), 'bull_run_period': 9}",0.0176
394/540,"{'resistance_period': 13, 'volume_multiplier': np.float64(1.1), 'bull_run_threshold': np.float64(0.039999999999999994), 'bull_run_period': 11}",0.0142
395/540,"{'resistance_period': 13, 'volume_multiplier': np.float64(1.1), 'bull_run_threshold': np.float64(0.039999999999999994), 'bull_run_period': 13}",0.0235
396/540,"{'resistance_period': 13, 'volume_multiplier': np.float64(1.1), 'bull_run_threshold': np.float64(0.039999999999999994), 'bull_run_period': 15}",0.0157
397/540,"{'resistance_period': 13, 'volume_multiplier': np.float64(1.2000000000000002), 'bull_run_threshold': np.float64(0.02), 'bull_run_period': 5}",0.0060
398/540,"{'resistance_period': 13, 'volume_multiplier': np.float64(1.2000000000000002), 'bull_run_threshold': np.float64(0.02), 'bull_run_period': 7}",0.0277
399/540,"{'resistance_period': 13, 'volume_multiplier': np.float64(1.2000000000000002), 'bull_run_threshold': np.float64(0.02), 'bull_run_period': 9}",0.0179
400/540,"{'resistance_period': 13, 'volume_multiplier': np.float64(1.2000000000000002), 'bull_run_threshold': np.float64(0.02), 'bull_run_period': 11}",0.0154
401/540,"{'resistance_period': 13, 'volume_multiplier': np.float64(1.2000000000000002), 'bull_run_threshold': np.float64(0.02), 'bull_run_period': 13}",0.0156
402/540,"{'resistance_period': 13, 'volume_multiplier': np.float64(1.2000000000000002), 'bull_run_threshold': np.float64(0.02), 'bull_run_period': 15}",0.0160
403/540,"{'resistance_period': 13, 'volume_multiplier': np.float64(1.2000000000000002), 'bull_run_threshold': np.float64(0.03), 'bull_run_period': 5}",0.0197
404/540,"{'resistance_period': 13, 'volume_multiplier': np.float64(1.2000000000000002), 'bull_run_threshold': np.float64(0.03), 'bull_run_period': 7}",0.0287
405/540,"{'resistance_period': 13, 'volume_multiplier': np.float64(1.2000000000000002), 'bull_run_threshold': np.float64(0.03), 'bull_run_period': 9}",0.0167
406/540,"{'resistance_period': 13, 'volume_multiplier': np.float64(1.2000000000000002), 'bull_run_threshold': np.float64(0.03), 'bull_run_period': 11}",0.0128
407/540,"{'resistance_period': 13, 'volume_multiplier': np.float64(1.2000000000000002), 'bull_run_threshold': np.float64(0.03), 'bull_run_period': 13}",0.0246
408/540,"{'resistance_period': 13, 'volume_multiplier': np.float64(1.2000000000000002), 'bull_run_threshold': np.float64(0.03), 'bull_run_period': 15}",0.0162
409/540,"{'resistance_period': 13, 'volume_multiplier': np.float64(1.2000000000000002), 'bull_run_threshold': np.float64(0.039999999999999994), 'bull_run_period': 5}",0.0179
410/540,"{'resistance_period': 13, 'volume_multiplier': np.float64(1.2000000000000002), 'bull_run_threshold': np.float64(0.039999999999999994), 'bull_run_period': 7}",0.0203
411/540,"{'resistance_period': 13, 'volume_multiplier': np.float64(1.2000000000000002), 'bull_run_threshold': np.float64(0.039999999999999994), 'bull_run_period': 9}",0.0176
412/540,"{'resistance_period': 13, 'volume_multiplier': np.float64(1.2000000000000002), 'bull_run_threshold': np.float64(0.039999999999999994), 'bull_run_period': 11}",0.0142
413/540,"{'resistance_period': 13, 'volume_multiplier': np.float64(1.2000000000000002), 'bull_run_threshold': np.float64(0.039999999999999994), 'bull_run_period': 13}",0.0235
414/540,"{'resistance_period': 13, 'volume_multiplier': np.float64(1.2000000000000002), 'bull_run_threshold': np.float64(0.039999999999999994), 'bull_run_period': 15}",0.0157
415/540,"{'resistance_period': 13, 'volume_multiplier': np.float64(1.3000000000000003), 'bull_run_threshold': np.float64(0.02), 'bull_run_period': 5}",0.0060
416/540,"{'resistance_period': 13, 'volume_multiplier': np.float64(1.3000000000000003), 'bull_run_threshold': np.float64(0.02), 'bull_run_period': 7}",0.0277
417/540,"{'resistance_period': 13, 'volume_multiplier': np.float64(1.3000000000000003), 'bull_run_threshold': np.float64(0.02), 'bull_run_period': 9}",0.0179
418/540,"{'resistance_period': 13, 'volume_multiplier': np.float64(1.3000000000000003), 'bull_run_threshold': np.float64(0.02), 'bull_run_period': 11}",0.0154
419/540,"{'resistance_period': 13, 'volume_multiplier': np.float64(1.3000000000000003), 'bull_run_threshold': np.float64(0.02), 'bull_run_period': 13}",0.0156
420/540,"{'resistance_period': 13, 'volume_multiplier': np.float64(1.3000000000000003), 'bull_run_threshold': np.float64(0.02), 'bull_run_period': 15}",0.0160
421/540,"{'resistance_period': 13, 'volume_multiplier': np.float64(1.3000000000000003), 'bull_run_threshold': np.float64(0.03), 'bull_run_period': 5}",0.0197
422/540,"{'resistance_period': 13, 'volume_multiplier': np.float64(1.3000000000000003), 'bull_run_threshold': np.float64(0.03), 'bull_run_period': 7}",0.0287
423/540,"{'resistance_period': 13, 'volume_multiplier': np.float64(1.3000000000000003), 'bull_run_threshold': np.float64(0.03), 'bull_run_period': 9}",0.0167
424/540,"{'resistance_period': 13, 'volume_multiplier': np.float64(1.3000000000000003), 'bull_run_threshold': np.float64(0.03), 'bull_run_period': 11}",0.0128
425/540,"{'resistance_period': 13, 'volume_multiplier': np.float64(1.3000000000000003), 'bull_run_threshold': np.float64(0.03), 'bull_run_period': 13}",0.0246
426/540,"{'resistance_period': 13, 'volume_multiplier': np.float64(1.3000000000000003), 'bull_run_threshold': np.float64(0.03), 'bull_run_period': 15}",0.0162
427/540,"{'resistance_period': 13, 'volume_multiplier': np.float64(1.3000000000000003), 'bull_run_threshold': np.float64(0.039999999999999994), 'bull_run_period': 5}",0.0179
428/540,"{'resistance_period': 13, 'volume_multiplier': np.float64(1.3000000000000003), 'bull_run_threshold': np.float64(0.039999999999999994), 'bull_run_period': 7}",0.0203
429/540,"{'resistance_period': 13, 'volume_multiplier': np.float64(1.3000000000000003), 'bull_run_threshold': np.float64(0.039999999999999994), 'bull_run_period': 9}",0.0176
430/540,"{'resistance_period': 13, 'volume_multiplier': np.float64(1.3000000000000003), 'bull_run_threshold': np.float64(0.039999999999999994), 'bull_run_period': 11}",0.0142
431/540,"{'resistance_period': 13, 'volume_multiplier': np.float64(1.3000000000000003), 'bull_run_threshold': np.float64(0.039999999999999994), 'bull_run_period': 13}",0.0235
432/540,"{'resistance_period': 13, 'volume_multiplier': np.float64(1.3000000000000003), 'bull_run_threshold': np.float64(0.039999999999999994), 'bull_run_period': 15}",0.0157
433/540,"{'resistance_period': 13, 'volume_multiplier': np.float64(1.4000000000000004), 'bull_run_threshold': np.float64(0.02), 'bull_run_period': 5}",0.0060
434/540,"{'resistance_period': 13, 'volume_multiplier': np.float64(1.4000000000000004), 'bull_run_threshold': np.float64(0.02), 'bull_run_period': 7}",0.0277
435/540,"{'resistance_period': 13, 'volume_multiplier': np.float64(1.4000000000000004), 'bull_run_threshold': np.float64(0.02), 'bull_run_period': 9}",0.0179
436/540,"{'resistance_period': 13, 'volume_multiplier': np.float64(1.4000000000000004), 'bull_run_threshold': np.float64(0.02), 'bull_run_period': 11}",0.0154
437/540,"{'resistance_period': 13, 'volume_multiplier': np.float64(1.4000000000000004), 'bull_run_threshold': np.float64(0.02), 'bull_run_period': 13}",0.0156
438/540,"{'resistance_period': 13, 'volume_multiplier': np.float64(1.4000000000000004), 'bull_run_threshold': np.float64(0.02), 'bull_run_period': 15}",0.0160
439/540,"{'resistance_period': 13, 'volume_multiplier': np.float64(1.4000000000000004), 'bull_run_threshold': np.float64(0.03), 'bull_run_period': 5}",0.0197
440/540,"{'resistance_period': 13, 'volume_multiplier': np.float64(1.4000000000000004), 'bull_run_threshold': np.float64(0.03), 'bull_run_period': 7}",0.0287
441/540,"{'resistance_period': 13, 'volume_multiplier': np.float64(1.4000000000000004), 'bull_run_threshold': np.float64(0.03), 'bull_run_period': 9}",0.0167
442/540,"{'resistance_period': 13, 'volume_multiplier': np.float64(1.4000000000000004), 'bull_run_threshold': np.float64(0.03), 'bull_run_period': 11}",0.0128
443/540,"{'resistance_period': 13, 'volume_multiplier': np.float64(1.4000000000000004), 'bull_run_threshold': np.float64(0.03), 'bull_run_period': 13}",0.0246
444/540,"{'resistance_period': 13, 'volume_multiplier': np.float64(1.4000000000000004), 'bull_run_threshold': np.float64(0.03), 'bull_run_period': 15}",0.0162
445/540,"{'resistance_period': 13, 'volume_multiplier': np.float64(1.4000000000000004), 'bull_run_threshold': np.float64(0.039999999999999994), 'bull_run_period': 5}",0.0179
446/540,"{'resistance_period': 13, 'volume_multiplier': np.float64(1.4000000000000004), 'bull_run_threshold': np.float64(0.039999999999999994), 'bull_run_period': 7}",0.0203
447/540,"{'resistance_period': 13, 'volume_multiplier': np.float64(1.4000000000000004), 'bull_run_threshold': np.float64(0.039999999999999994), 'bull_run_period': 9}",0.0176
448/540,"{'resistance_period': 13, 'volume_multiplier': np.float64(1.4000000000000004), 'bull_run_threshold': np.float64(0.039999999999999994), 'bull_run_period': 11}",0.0142
449/540,"{'resistance_period': 13, 'volume_multiplier': np.float64(1.4000000000000004), 'bull_run_threshold': np.float64(0.039999999999999994), 'bull_run_period': 13}",0.0235
450/540,"{'resistance_period': 13, 'volume_multiplier': np.float64(1.4000000000000004), 'bull_run_threshold': np.float64(0.039999999999999994), 'bull_run_period': 15}",0.0157
451/540,"{'resistance_period': 15, 'volume_multiplier': np.float64(1.0), 'bull_run_threshold': np.float64(0.02), 'bull_run_period': 5}",0.0041
452/540,"{'resistance_period': 15, 'volume_multiplier': np.float64(1.0), 'bull_run_threshold': np.float64(0.02), 'bull_run_period': 7}",0.0288
453/540,"{'resistance_period': 15, 'volume_multiplier': np.float64(1.0), 'bull_run_threshold': np.float64(0.02), 'bull_run_period': 9}",0.0187
454/540,"{'resistance_period': 15, 'volume_multiplier': np.float64(1.0), 'bull_run_threshold': np.float64(0.02), 'bull_run_period': 11}",0.0190
455/540,"{'resistance_period': 15, 'volume_multiplier': np.float64(1.0), 'bull_run_threshold': np.float64(0.02), 'bull_run_period': 13}",0.0145
456/540,"{'resistance_period': 15, 'volume_multiplier': np.float64(1.0), 'bull_run_threshold': np.float64(0.02), 'bull_run_period': 15}",0.0074
457/540,"{'resistance_period': 15, 'volume_multiplier': np.float64(1.0), 'bull_run_threshold': np.float64(0.03), 'bull_run_period': 5}",0.0156
458/540,"{'resistance_period': 15, 'volume_multiplier': np.float64(1.0), 'bull_run_threshold': np.float64(0.03), 'bull_run_period': 7}",0.0222
459/540,"{'resistance_period': 15, 'volume_multiplier': np.float64(1.0), 'bull_run_threshold': np.float64(0.03), 'bull_run_period': 9}",0.0152
460/540,"{'resistance_period': 15, 'volume_multiplier': np.float64(1.0), 'bull_run_threshold': np.float64(0.03), 'bull_run_period': 11}",0.0140
461/540,"{'resistance_period': 15, 'volume_multiplier': np.float64(1.0), 'bull_run_threshold': np.float64(0.03), 'bull_run_period': 13}",0.0212
462/540,"{'resistance_period': 15, 'volume_multiplier': np.float64(1.0), 'bull_run_threshold': np.float64(0.03), 'bull_run_period': 15}",0.0153
463/540,"{'resistance_period': 15, 'volume_multiplier': np.float64(1.0), 'bull_run_threshold': np.float64(0.039999999999999994), 'bull_run_period': 5}",0.0144
464/540,"{'resistance_period': 15, 'volume_multiplier': np.float64(1.0), 'bull_run_threshold': np.float64(0.039999999999999994), 'bull_run_period': 7}",0.0194
465/540,"{'resistance_period': 15, 'volume_multiplier': np.float64(1.0), 'bull_run_threshold': np.float64(0.039999999999999994), 'bull_run_period': 9}",0.0123
466/540,"{'resistance_period': 15, 'volume_multiplier': np.float64(1.0), 'bull_run_threshold': np.float64(0.039999999999999994), 'bull_run_period': 11}",0.0077
467/540,"{'resistance_period': 15, 'volume_multiplier': np.float64(1.0), 'bull_run_threshold': np.float64(0.039999999999999994), 'bull_run_period': 13}",0.0176
468/540,"{'resistance_period': 15, 'volume_multiplier': np.float64(1.0), 'bull_run_threshold': np.float64(0.039999999999999994), 'bull_run_period': 15}",0.0076
469/540,"{'resistance_period': 15, 'volume_multiplier': np.float64(1.1), 'bull_run_threshold': np.float64(0.02), 'bull_run_period': 5}",0.0041
470/540,"{'resistance_period': 15, 'volume_multiplier': np.float64(1.1), 'bull_run_threshold': np.float64(0.02), 'bull_run_period': 7}",0.0288
471/540,"{'resistance_period': 15, 'volume_multiplier': np.float64(1.1), 'bull_run_threshold': np.float64(0.02), 'bull_run_period': 9}",0.0187
472/540,"{'resistance_period': 15, 'volume_multiplier': np.float64(1.1), 'bull_run_threshold': np.float64(0.02), 'bull_run_period': 11}",0.0190
473/540,"{'resistance_period': 15, 'volume_multiplier': np.float64(1.1), 'bull_run_threshold': np.float64(0.02), 'bull_run_period': 13}",0.0145
474/540,"{'resistance_period': 15, 'volume_multiplier': np.float64(1.1), 'bull_run_threshold': np.float64(0.02), 'bull_run_period': 15}",0.0074
475/540,"{'resistance_period': 15, 'volume_multiplier': np.float64(1.1), 'bull_run_threshold': np.float64(0.03), 'bull_run_period': 5}",0.0156
476/540,"{'resistance_period': 15, 'volume_multiplier': np.float64(1.1), 'bull_run_threshold': np.float64(0.03), 'bull_run_period': 7}",0.0222
477/540,"{'resistance_period': 15, 'volume_multiplier': np.float64(1.1), 'bull_run_threshold': np.float64(0.03), 'bull_run_period': 9}",0.0152
478/540,"{'resistance_period': 15, 'volume_multiplier': np.float64(1.1), 'bull_run_threshold': np.float64(0.03), 'bull_run_period': 11}",0.0140
479/540,"{'resistance_period': 15, 'volume_multiplier': np.float64(1.1), 'bull_run_threshold': np.float64(0.03), 'bull_run_period': 13}",0.0212
480/540,"{'resistance_period': 15, 'volume_multiplier': np.float64(1.1), 'bull_run_threshold': np.float64(0.03), 'bull_run_period': 15}",0.0153
481/540,"{'resistance_period': 15, 'volume_multiplier': np.float64(1.1), 'bull_run_threshold': np.float64(0.039999999999999994), 'bull_run_period': 5}",0.0144
482/540,"{'resistance_period': 15, 'volume_multiplier': np.float64(1.1), 'bull_run_threshold': np.float64(0.039999999999999994), 'bull_run_period': 7}",0.0194
483/540,"{'resistance_period': 15, 'volume_multiplier': np.float64(1.1), 'bull_run_threshold': np.float64(0.039999999999999994), 'bull_run_period': 9}",0.0123
484/540,"{'resistance_period': 15, 'volume_multiplier': np.float64(1.1), 'bull_run_threshold': np.float64(0.039999999999999994), 'bull_run_period': 11}",0.0077
485/540,"{'resistance_period': 15, 'volume_multiplier': np.float64(1.1), 'bull_run_threshold': np.float64(0.039999999999999994), 'bull_run_period': 13}",0.0176
486/540,"{'resistance_period': 15, 'volume_multiplier': np.float64(1.1), 'bull_run_threshold': np.float64(0.039999999999999994), 'bull_run_period': 15}",0.0076
487/540,"{'resistance_period': 15, 'volume_multiplier': np.float64(1.2000000000000002), 'bull_run_threshold': np.float64(0.02), 'bull_run_period': 5}",0.0041
488/540,"{'resistance_period': 15, 'volume_multiplier': np.float64(1.2000000000000002), 'bull_run_threshold': np.float64(0.02), 'bull_run_period': 7}",0.0288
489/540,"{'resistance_period': 15, 'volume_multiplier': np.float64(1.2000000000000002), 'bull_run_threshold': np.float64(0.02), 'bull_run_period': 9}",0.0187
490/540,"{'resistance_period': 15, 'volume_multiplier': np.float64(1.2000000000000002), 'bull_run_threshold': np.float64(0.02), 'bull_run_period': 11}",0.0190
491/540,"{'resistance_period': 15, 'volume_multiplier': np.float64(1.2000000000000002), 'bull_run_threshold': np.float64(0.02), 'bull_run_period': 13}",0.0145
492/540,"{'resistance_period': 15, 'volume_multiplier': np.float64(1.2000000000000002), 'bull_run_threshold': np.float64(0.02), 'bull_run_period': 15}",0.0074
493/540,"{'resistance_period': 15, 'volume_multiplier': np.float64(1.2000000000000002), 'bull_run_threshold': np.float64(0.03), 'bull_run_period': 5}",0.0156
494/540,"{'resistance_period': 15, 'volume_multiplier': np.float64(1.2000000000000002), 'bull_run_threshold': np.float64(0.03), 'bull_run_period': 7}",0.0222
495/540,"{'resistance_period': 15, 'volume_multiplier': np.float64(1.2000000000000002), 'bull_run_threshold': np.float64(0.03), 'bull_run_period': 9}",0.0152
496/540,"{'resistance_period': 15, 'volume_multiplier': np.float64(1.2000000000000002), 'bull_run_threshold': np.float64(0.03), 'bull_run_period': 11}",0.0140
497/540,"{'resistance_period': 15, 'volume_multiplier': np.float64(1.2000000000000002), 'bull_run_threshold': np.float64(0.03), 'bull_run_period': 13}",0.0212
498/540,"{'resistance_period': 15, 'volume_multiplier': np.float64(1.2000000000000002), 'bull_run_threshold': np.float64(0.03), 'bull_run_period': 15}",0.0153
499/540,"{'resistance_period': 15, 'volume_multiplier': np.float64(1.2000000000000002), 'bull_run_threshold': np.float64(0.039999999999999994), 'bull_run_period': 5}",0.0144
500/540,"{'resistance_period': 15, 'volume_multiplier': np.float64(1.2000000000000002), 'bull_run_threshold': np.float64(0.039999999999999994), 'bull_run_period': 7}",0.0194
501/540,"{'resistance_period': 15, 'volume_multiplier': np.float64(1.2000000000000002), 'bull_run_threshold': np.float64(0.039999999999999994), 'bull_run_period': 9}",0.0123
502/540,"{'resistance_period': 15, 'volume_multiplier': np.float64(1.2000000000000002), 'bull_run_threshold': np.float64(0.039999999999999994), 'bull_run_period': 11}",0.0077
503/540,"{'resistance_period': 15, 'volume_multiplier': np.float64(1.2000000000000002), 'bull_run_threshold': np.float64(0.039999999999999994), 'bull_run_period': 13}",0.0176
504/540,"{'resistance_period': 15, 'volume_multiplier': np.float64(1.2000000000000002), 'bull_run_threshold': np.float64(0.039999999999999994), 'bull_run_period': 15}",0.0076
505/540,"{'resistance_period': 15, 'volume_multiplier': np.float64(1.3000000000000003), 'bull_run_threshold': np.float64(0.02), 'bull_run_period': 5}",0.0041
506/540,"{'resistance_period': 15, 'volume_multiplier': np.float64(1.3000000000000003), 'bull_run_threshold': np.float64(0.02), 'bull_run_period': 7}",0.0288
507/540,"{'resistance_period': 15, 'volume_multiplier': np.float64(1.3000000000000003), 'bull_run_threshold': np.float64(0.02), 'bull_run_period': 9}",0.0187
508/540,"{'resistance_period': 15, 'volume_multiplier': np.float64(1.3000000000000003), 'bull_run_threshold': np.float64(0.02), 'bull_run_period': 11}",0.0190
509/540,"{'resistance_period': 15, 'volume_multiplier': np.float64(1.3000000000000003), 'bull_run_threshold': np.float64(0.02), 'bull_run_period': 13}",0.0145
510/540,"{'resistance_period': 15, 'volume_multiplier': np.float64(1.3000000000000003), 'bull_run_threshold': np.float64(0.02), 'bull_run_period': 15}",0.0074
511/540,"{'resistance_period': 15, 'volume_multiplier': np.float64(1.3000000000000003), 'bull_run_threshold': np.float64(0.03), 'bull_run_period': 5}",0.0156
512/540,"{'resistance_period': 15, 'volume_multiplier': np.float64(1.3000000000000003), 'bull_run_threshold': np.float64(0.03), 'bull_run_period': 7}",0.0222
513/540,"{'resistance_period': 15, 'volume_multiplier': np.float64(1.3000000000000003), 'bull_run_threshold': np.float64(0.03), 'bull_run_period': 9}",0.0152
514/540,"{'resistance_period': 15, 'volume_multiplier': np.float64(1.3000000000000003), 'bull_run_threshold': np.float64(0.03), 'bull_run_period': 11}",0.0140
515/540,"{'resistance_period': 15, 'volume_multiplier': np.float64(1.3000000000000003), 'bull_run_threshold': np.float64(0.03), 'bull_run_period': 13}",0.0212
516/540,"{'resistance_period': 15, 'volume_multiplier': np.float64(1.3000000000000003), 'bull_run_threshold': np.float64(0.03), 'bull_run_period': 15}",0.0153
517/540,"{'resistance_period': 15, 'volume_multiplier': np.float64(1.3000000000000003), 'bull_run_threshold': np.float64(0.039999999999999994), 'bull_run_period': 5}",0.0144
518/540,"{'resistance_period': 15, 'volume_multiplier': np.float64(1.3000000000000003), 'bull_run_threshold': np.float64(0.039999999999999994), 'bull_run_period': 7}",0.0194
519/540,"{'resistance_period': 15, 'volume_multiplier': np.float64(1.3000000000000003), 'bull_run_threshold': np.float64(0.039999999999999994), 'bull_run_period': 9}",0.0123
520/540,"{'resistance_period': 15, 'volume_multiplier': np.float64(1.3000000000000003), 'bull_run_threshold': np.float64(0.039999999999999994), 'bull_run_period': 11}",0.0077
521/540,"{'resistance_period': 15, 'volume_multiplier': np.float64(1.3000000000000003), 'bull_run_threshold': np.float64(0.039999999999999994), 'bull_run_period': 13}",0.0176
522/540,"{'resistance_period': 15, 'volume_multiplier': np.float64(1.3000000000000003), 'bull_run_threshold': np.float64(0.039999999999999994), 'bull_run_period': 15}",0.0076
523/540,"{'resistance_period': 15, 'volume_multiplier': np.float64(1.4000000000000004), 'bull_run_threshold': np.float64(0.02), 'bull_run_period': 5}",0.0041
524/540,"{'resistance_period': 15, 'volume_multiplier': np.float64(1.4000000000000004), 'bull_run_threshold': np.float64(0.02), 'bull_run_period': 7}",0.0288
525/540,"{'resistance_period': 15, 'volume_multiplier': np.float64(1.4000000000000004), 'bull_run_threshold': np.float64(0.02), 'bull_run_period': 9}",0.0187
526/540,"{'resistance_period': 15, 'volume_multiplier': np.float64(1.4000000000000004), 'bull_run_threshold': np.float64(0.02), 'bull_run_period': 11}",0.0190
527/540,"{'resistance_period': 15, 'volume_multiplier': np.float64(1.4000000000000004), 'bull_run_threshold': np.float64(0.02), 'bull_run_period': 13}",0.0145
528/540,"{'resistance_period': 15, 'volume_multiplier': np.float64(1.4000000000000004), 'bull_run_threshold': np.float64(0.02), 'bull_run_period': 15}",0.0074
529/540,"{'resistance_period': 15, 'volume_multiplier': np.float64(1.4000000000000004), 'bull_run_threshold': np.float64(0.03), 'bull_run_period': 5}",0.0156
530/540,"{'resistance_period': 15, 'volume_multiplier': np.float64(1.4000000000000004), 'bull_run_threshold': np.float64(0.03), 'bull_run_period': 7}",0.0222
531/540,"{'resistance_period': 15, 'volume_multiplier': np.float64(1.4000000000000004), 'bull_run_threshold': np.float64(0.03), 'bull_run_period': 9}",0.0152
532/540,"{'resistance_period': 15, 'volume_multiplier': np.float64(1.4000000000000004), 'bull_run_threshold': np.float64(0.03), 'bull_run_period': 11}",0.0140
533/540,"{'resistance_period': 15, 'volume_multiplier': np.float64(1.4000000000000004), 'bull_run_threshold': np.float64(0.03), 'bull_run_period': 13}",0.0212
534/540,"{'resistance_period': 15, 'volume_multiplier': np.float64(1.4000000000000004), 'bull_run_threshold': np.float64(0.03), 'bull_run_period': 15}",0.0153
535/540,"{'resistance_period': 15, 'volume_multiplier': np.float64(1.4000000000000004), 'bull_run_threshold': np.float64(0.039999999999999994), 'bull_run_period': 5}",0.0144
536/540,"{'resistance_period': 15, 'volume_multiplier': np.float64(1.4000000000000004), 'bull_run_threshold': np.float64(0.039999999999999994), 'bull_run_period': 7}",0.0194
537/540,"{'resistance_period': 15, 'volume_multiplier': np.float64(1.4000000000000004), 'bull_run_threshold': np.float64(0.039999999999999994), 'bull_run_period': 9}",0.0123
538/540,"{'resistance_period': 15, 'volume_multiplier': np.float64(1.4000000000000004), 'bull_run_threshold': np.float64(0.039999999999999994), 'bull_run_period': 11}",0.0077
539/540,"{'resistance_period': 15, 'volume_multiplier': np.float64(1.4000000000000004), 'bull_run_threshold': np.float64(0.039999999999999994), 'bull_run_period': 13}",0.0176
540/540,"{'resistance_period': 15, 'volume_multiplier': np.float64(1.4000000000000004), 'bull_run_threshold': np.float64(0.039999999999999994), 'bull_run_period': 15}",0.0076
